VesselType,Position_Count,Unique_Vessels,Avg_SOG_Knots
31,16558120,3451,1.9
37,14476696,12934,1.64
60,4795209,1708,4.43
30,4010188,2192,2.47
36,3876264,4243,1.98
90,3848162,1532,2.03
70,3837926,1563,6.37
52,1921565,482,2.09
80,1789168,818,5.87
57,1323765,242,1.91
0,715334,297,1.85
33,387070,137,1.23
99,382252,126,4
50,368354,87,3.31
null,209863,851,6.22
71,209704,96,9.12
79,195149,89,5.82
51,166999,299,3.69
89,164287,72,6.08
69,143763,44,3.83
40,132573,44,5.97
35,100525,72,3.43
32,99286,25,2.26
74,77015,30,7.33
53,73501,41,2.08
55,61233,98,4.32
82,51901,26,7.2
34,47189,43,2.07
84,45285,23,7.3
65,42926,11,3.93
20,38499,11,1.99
54,38211,35,1.39
56,34200,10,1.71
38,32039,19,8.41
39,29330,8,2.8
95,27225,6,1.39
73,23460,7,8.38
49,18210,5,2.99
97,17075,9,1.17
1,16099,2,1.95
3,13733,3,1.54
68,13586,3,2.62
81,13009,7,5.83
9,10870,7,3.18
75,9406,3,3.54
66,9088,1,8.55
59,8678,7,1.44
23,8224,1,2.06
83,7781,7,7.11
7,7134,1,0.19
76,6823,3,1.71
72,6007,8,11.83
136,5312,1,3.09
88,3362,1,0.38
8,3146,1,1.09
29,3143,2,0.8
25,3090,1,0.82
78,3085,1,0.01
61,2837,1,9.43
16,2243,1,1.02
6,1669,1,6.37
67,1491,6,5.08
98,867,1,0.05
10,863,4,3.38
58,786,1,3.01
19,575,1,0.06
200,544,1,6.92
4,238,1,3.23
96,210,3,1.72
47,126,1,8.07
91,10,1,5.58
107,2,1,4.9
18,1,1,0
